filename,min_pitch,max_pitch,mean_pitch,min_intensity,max_intensity,mean_intensity,min_pitch_zscore,max_pitch_zscore,mean_pitch_zscore,min_intensity_zscore,max_intensity_zscore,mean_intensity_zscore
mm_001_anxiety_1215.04_August-sixteenth.wav,147.5197248945286,185.25044918219464,170.42512409451598,37.376470156542396,71.48996091876786,66.1265364342953,-0.003329494911758005,-0.9797183653210785,-0.5054719688571718,0.7895416706481683,-0.8777893968973985,0.520479873985201
mm_001_anxiety_1218.96_August-sixteenth.wav,129.36908150758137,580.5988279469277,141.7984281328331,31.879019627477174,72.15162558436305,59.25469031947299,-0.2767327525479087,1.9145576776216657,-0.8570536653532944,0.10016010537800292,-0.7532673659157153,-0.4915326630722291
mm_001_anxiety_1224.57_June-twenty-first.wav,131.13206037603965,171.3768531506268,157.0454855936139,32.491793320033324,70.0141514200143,60.867469618445156,-0.250176990556198,-1.0812845251447096,-0.6697953685589183,0.17700206786539757,-1.1555294753426446,-0.25401965087801953
mm_001_anxiety_1229.38_June-twenty-first.wav,123.38841202977623,159.61793899141603,151.82245483407831,38.73187137764921,74.82496663954261,64.38505646949821,-0.36681961521267265,-1.1673694703982145,-0.7339425554276681,0.9595092966296235,-0.25015774709054606,0.26401319414969626
mm_001_anxiety_1235.40_May-twenty-third.wav,133.1978814080472,200.98228157018295,177.07841582422765,31.98194908744332,70.27358218282792,57.91182097143696,-0.21905951511451138,-0.8645483835080482,-0.4237588854909789,0.11306748341600761,-1.1067058836285237,-0.6892962033400022
mm_001_anxiety_1238.96_May-twenty-third.wav,108.06579785050856,186.57548925646915,175.1276228920887,38.48468150825983,73.89797257727126,64.38606256005998,-0.5976242507732114,-0.9700179796640173,-0.44771774855754054,0.9285116299516561,-0.4246134636250782,0.2641613604859205
mm_001_anxiety_1244.97_eight-hundred-eight.wav,146.71773077009746,209.42547490739227,179.1748134691443,33.108517126832865,73.81776415849279,58.54906924679513,-0.015409937546767151,-0.8027372480275589,-0.39801176324128473,0.25433937559068165,-0.4397082929660709,-0.5954490430420352
mm_001_anxiety_1252.04_eight-hundred-eight.wav,129.37118749237706,162.99352748767163,143.8542433688203,35.21094098294808,71.21657900997162,63.85674359986804,-0.2767010300854373,-1.142657379896992,-0.8318049601126191,0.5179838124304786,-0.9292385255679394,0.18620888383470244
mm_001_anxiety_1252.04_five-hundred-nine.wav,129.37118749237706,162.99352748767163,143.8542433688203,35.21094098294808,71.21657900997162,63.85674359986804,-0.2767010300854373,-1.142657379896992,-0.8318049601126191,0.5179838124304786,-0.9292385255679394,0.18620888383470244
mm_001_anxiety_1256.02_five-hundred-nine.wav,131.7393006969339,496.23578798886206,151.91617569811828,41.75747003930113,69.333734519145,60.238423252684896,-0.2410301257117319,1.296950679400602,-0.7327915130433021,1.338920067171579,-1.2835805846372517,-0.34665892101049073
mm_001_anxiety_1262.60_five-hundred-nine.wav,128.07132738263613,181.26445958893794,147.31628952885822,32.69546636598853,75.00516547335025,63.27288924901696,-0.2962808312471981,-1.0088990950441343,-0.7892854858455489,0.20254271484013572,-0.21624521415201647,0.10022501385217511
mm_001_anxiety_1267.69_four-thousand-eight.wav,129.0419884821616,598.5480784241431,144.0802692855941,33.62496977451974,73.87539422672478,64.30430327039561,-0.28165975688562495,2.045960987804197,-0.8290289996812165,0.3191026568185782,-0.4288625979864171,0.25212072034661526
mm_001_anxiety_1271.85_four-thousand-eight.wav,132.44444171917544,176.71088542485916,147.52655587828164,33.534343465167915,75.65064254178047,60.904191026859635,-0.23040858197558173,-1.0422350117210535,-0.7867030781536071,0.3077380967074309,-0.09476960922344686,-0.2486117117197632
mm_001_anxiety_1276.98_nine-thousand-six.wav,81.1350006060672,550.1042192281839,159.89624847523802,29.651818832136502,73.71769190595813,63.65965915448023,-1.003283022222818,1.6913120031880402,-0.6347834324426742,-0.17913138844176676,-0.45854139797904375,0.15718437917339131
mm_001_anxiety_1282.34_nine-thousand-six.wav,127.91639098848472,521.0501002696436,158.60207085326425,31.733291392033557,72.4946907111974,65.92245796024594,-0.2986146391450413,1.4786119012848706,-0.6506780073705629,0.08188575101627989,-0.6887041988407793,0.4904253630385673
mm_001_anxiety_1286.91_seven-hundred.wav,134.44509611164236,186.4799557004676,160.52941624470532,40.05747303350579,70.61024007129834,58.14610941722748,-0.20027271204284508,-0.9707173640482314,-0.6270071176750203,1.1257400502503416,-1.0433485272543073,-0.6547926884961114
mm_001_anxiety_1289.90_seven-hundred.wav,110.96078394278273,174.9326369103521,143.29021097456982,39.61546640715637,70.08529449320753,58.722452903443,-0.5540170567159306,-1.0552532567686677,-0.8387321816932999,1.0703123172818452,-1.1421406993886947,-0.5699149389138836
mm_001_anxiety_1295.76_six-thousand-twelve.wav,136.65113931298214,227.46704864538032,176.1708787879028,36.44607587708934,76.86028079359511,65.4578092449348,-0.1670430691660467,-0.6706580554683359,-0.4349048944922005,0.6728700132504952,0.13287835159610134,0.42199683344617206
mm_001_anxiety_1299.73_six-thousand-twelve.wav,114.14159176757455,168.87563428335267,141.94466061302842,37.91870893806128,74.74006808426896,62.92605674954244,-0.5061045280703601,-1.099595509164239,-0.8552576961803684,0.857538539010572,-0.26613523701828234,0.04914720566754613
mm_001_anxiety_1306.80_three-thousand-eight.wav,127.12778542348345,191.971547442396,149.097885557355,30.815738789019818,74.81058426943449,62.36606740589313,-0.3104934098235726,-0.9305143854349208,-0.7674046318689649,-0.033175557191778296,-0.25286443830335664,-0.03332207943027846
mm_001_anxiety_1313.45_three-thousand-eight.wav,78.16203063928016,151.45163134816298,131.11446217179196,34.86352991291586,73.30154421450213,60.773610569026424,-1.0480648878815606,-1.2271535743447561,-0.9882698868452017,0.47441838405877107,-0.5368583437416342,-0.26784221517019247
mm_001_anxiety_1317.94_three-thousand-eight.wav,123.26815513486682,176.91759968895062,146.10327002810376,37.09814934005836,75.00271008062346,62.056168902431004,-0.3686310455912281,-1.0407216929004128,-0.8041833090008643,0.7546401760188645,-0.21670730696896054,-0.07896064081228342
mm_001_anxiety_3257.48_august-sixteenth.wav,137.07225083239206,156.62392946957488,147.4503369207693,15.499301606712429,59.76021697638536,39.253779453294506,-0.16069986365094205,-1.1892880882473191,-0.7876391690815724,-1.9538603152038967,-3.0852694310423567,-3.437054464772848
mm_001_anxiety_3260.75_august-sixteenth.wav,142.50600111826762,414.52408996457586,169.39313842359547,18.56304457991168,60.639758127604715,37.59603419554354,-0.07885124827854731,0.698753689801716,-0.5181464065019341,-1.569666239189409,-2.919744118634622,-3.681189585970168
mm_001_anxiety_3264.57_july-twenty-first.wav,74.89437835547388,177.90734798692054,136.2441459481274,23.00589869353037,69.49681482893853,53.4606979466873,-1.0972855551697136,-1.0334759194478742,-0.9252691505050157,-1.0125313078389229,-1.2528896735994899,-1.3448103446295478
mm_001_anxiety_3268.88_june-twenty-first.wav,83.77539435057749,184.0431352863657,166.1793578516151,25.788564660350715,74.30600798255483,55.80121430596314,-0.9635107543311814,-0.9885568983028692,-0.5576167815384222,-0.6635843533027417,-0.3478232101624119,-1.0001239446145478
mm_001_anxiety_3273.15_may-twenty-third.wav,95.76492147589475,213.13793981855636,196.646342227826,27.230073280393466,71.43216414849586,53.74383869932254,-0.782912430420744,-0.7755589444609166,-0.18343339451930118,-0.4828188396193502,-0.8886664643798794,-1.3031123807009495
mm_001_anxiety_3276.61_may-twenty-third.wav,191.5515522814719,243.0614201828959,209.31834281003796,32.995558681021976,64.77910271699376,56.36985620448789,0.6599222031476207,-0.5564944003983389,-0.027800922345169787,0.24017436041284843,-2.140739855591323,-0.9163804030992759
mm_001_anxiety_3280.02_eight-hundred-eight.wav,158.3197192722227,516.4018410434469,210.61396373937768,33.97489500323598,78.22046432296858,59.13862201073558,0.15935088959941096,1.4445828118984319,-0.011888621290138674,0.3629833612695811,0.3888581921291666,-0.5086259712800411
mm_001_anxiety_3283.85_five-hundred-nine.wav,162.448147880732,193.42886098502498,175.00295266669536,26.941723928407942,67.6702097558871,59.51255521376481,0.22153743618191002,-0.9198456489482155,-0.44924889869114365,-0.5189779149153345,-1.5966477512553527,-0.45355705920539846
mm_001_anxiety_3287.10_five-hundred-nine.wav,94.8804759299979,206.71715670036167,183.39428376936058,30.083698112694826,68.01389084776548,53.73889326111304,-0.7962348393455911,-0.8225643699390388,-0.3461899068715973,-0.12497362697307458,-1.5319686625931184,-1.3038406923344794
mm_001_anxiety_3291.10_four-thousand-eight.wav,158.56940674222662,212.81373771883247,191.7460951315068,32.712519271192924,71.7490872312969,58.3635709148211,0.1631119335599293,-0.7779323710909546,-0.24361628079021921,0.20468115308893034,-0.8290231012272423,-0.6227672679301092
mm_001_anxiety_3293.85_four-thousand-eight.wav,150.7222230033906,205.80827229803643,167.51402565455285,31.122774109893843,73.00535868895906,55.15127434816714,0.04490975462174026,-0.8292181530142938,-0.5412249223087123,0.005326742915932535,-0.5925990007628521,-1.095840201153732
mm_001_anxiety_3300.75_nine-thousand-six.wav,100.03681468440256,221.1560763971016,170.01812551698708,31.65586693035978,74.51934761929098,60.7656260532611,-0.7185648756492312,-0.7168595748547081,-0.5104705635448246,0.07217670565121992,-0.30767374135046643,-0.2690180898801062
mm_001_anxiety_3304.33_seven-hundred.wav,151.43652441671819,211.56824295890675,177.4121569012093,38.56233961126097,71.95964630143295,60.764050909853715,0.05566928138751361,-0.787050419472807,-0.4196600102944592,0.9382499739930962,-0.7893969213535268,-0.2692500602777698
mm_001_anxiety_3311.42_six-thousand-twelve.wav,74.15831773908424,225.35524916013992,192.32268064603844,35.637489422438954,73.74125392624097,61.682005390714494,-1.1083728409506308,-0.6861181685886362,-0.23653488677794957,0.571473085198844,-0.45410714181846806,-0.13406347030518953
mm_001_anxiety_3314.90_six-thousand-twelve.wav,77.29838607650916,213.987456869542,152.85594953603157,36.272017192768324,75.84982260628135,58.01341615301123,-1.0610739714643025,-0.7693397793376867,-0.7212495844638223,0.651043014060292,-0.05728490216205054,-0.6743343436388637
mm_001_anxiety_3320.80_three-thousand-eight.wav,144.64428958974034,180.22691866172192,153.58519902101332,35.698692252577,71.50414643544747,59.17407704220685,-0.0466421953318686,-1.0164947499412065,-0.712293232272777,0.5791479342250347,-0.8751197525302177,-0.5034045306727939
mm_001_anxiety_3324.00_three-thousand-eight.wav,135.4398298294694,201.21385126970384,164.92215814852275,33.95266095989776,76.31879624885592,60.85414696563951,-0.18528903167755223,-0.8628531024101748,-0.5730572083707489,0.3601952071028914,0.03097362740251863,-0.2559816697359648
mm_001_boredom_2610.59_april-fifteenth.wav,145.54865027151223,200.3743442272399,171.8415819690694,20.117072268494173,73.71656032893738,47.032036794649855,-0.03301980458773139,-0.8689989860191499,-0.4880755964914134,-1.3747908083394034,-0.4587543552006753,-2.2915553056849194
mm_001_boredom_2614.58_april-fifteenth.wav,144.74893281138898,222.9126631574296,185.75077472453174,28.32596076340964,70.97924697299214,53.364826648009604,-0.04506595381368334,-0.7039999117048228,-0.31724842201055026,-0.3453942962956046,-0.9739032459291533,-1.3589292516284297
mm_001_boredom_2624.53_july-fourteenth.wav,78.8619739570557,187.43627488958745,132.41636550111622,22.360636697908806,64.85482253948344,52.55536944699241,-1.0375216372010858,-0.9637163192301796,-0.9722804278517347,-1.0934473110296934,-2.1264897579629336,-1.478137514146689
mm_001_boredom_2630.68_march-twenty-sixth.wav,137.7313885288662,170.51169171488837,157.0647524464884,29.841330754019733,84.37940371721385,66.76478635924289,-0.1507712683055883,-1.0876182200609743,-0.6695587407333102,-0.15536654969433494,1.5479402497673105,0.614474546600134
mm_001_boredom_2636.89_march-twenty-sixth.wav,101.36862290330107,226.4028096836586,170.00298209398818,38.52200264318128,82.18299790698389,71.10079400793367,-0.6985038399145252,-0.6784491619868488,-0.510656549044368,0.9331917088852963,1.1345874948581691,1.2530357174894278
mm_001_boredom_2643.36_october-six.wav,111.06253772600806,250.0290846023172,193.29497193944542,35.6346557564646,79.10444540430446,65.4698893346,-0.5524843388272295,-0.5054853529667914,-0.22459359174054838,0.5711177428315917,0.5552190775155922,0.42377586079714774
mm_001_boredom_2647.81_six-thousand-six.wav,153.11157868307654,205.6984881575269,195.24251495810486,30.213422757740897,81.87203597673113,71.65608102585776,0.08090063453442448,-0.830021863424754,-0.2006746428190252,-0.10870612654116371,1.0760659912529749,1.3348124939792694
mm_001_boredom_2654.76_eight-thousand-six.wav,115.06867846715177,170.56964987982735,148.0208727223922,36.39349964585864,80.86059029844638,68.63208080361593,-0.49213981517440636,-1.087193918515082,-0.7806320752376008,0.6662769417184825,0.8857168965580511,0.8894698472089679
mm_001_boredom_2660.25_five-thousand-twelve.wav,117.92457425895849,148.28122823496486,126.92790376279909,34.981909682050706,78.88359624028648,66.52142377665211,-0.4491214385635343,-1.250363538694859,-1.0396875324541814,0.48926323443278225,0.5136563526579968,0.578634689228865
mm_001_boredom_2666.25_five-thousand-twelve.wav,77.82192749108583,240.71407784295926,130.32538660078532,52.18300860531306,77.81942588404327,69.39376400969184,-1.0531878637819911,-0.5736788813877164,-0.9979609992351713,2.6462850097795982,0.3133847332709955,1.0016424629711649
mm_001_boredom_2679.03_nine-hundred-four.wav,93.91970615498656,236.60544987242758,207.00316817786097,51.62404672020636,83.0187024912335,78.86981190711138,-0.8107069206226302,-0.6037574251309064,-0.05623497655649351,2.5761910603672433,1.2918629812827878,2.3971741896290535
mm_001_boredom_2683.43_nine-hundred-four.wav,78.46359689922932,161.5877782445385,148.69601603609794,31.750036388349887,76.61299005248881,66.21721245314752,-1.0435223933756885,-1.1529486232037118,-0.7723402335270381,0.08398557741943946,0.08633945217063078,0.5338336753299328
mm_001_boredom_2688.12_one-hundred-twelve.wav,79.30450472254306,161.4919866690024,153.29512372827915,42.3620167322819,80.31772813787512,69.83010728082989,-1.0308557934450748,-1.1536498965036204,-0.715855821670715,1.4147303620132592,0.7835529118504322,1.0659024672660633
mm_001_boredom_2691.37_one-hundred-twelve.wav,90.67316940180963,146.23500195724097,133.58997129868894,33.930050591526395,73.23622664654373,61.775354174379565,-0.8596095245376175,-1.265343601880044,-0.9578666681261767,0.3573598616901808,-0.5491507883043919,-0.12031605253569881
mm_001_boredom_2700.32_six-hundred-six.wav,124.03738546925848,175.84624733824947,150.58447880533996,37.53902687482962,81.47898544573134,70.60268241248566,-0.3570441241355144,-1.0485648752902663,-0.7491468847358058,0.8099263206428414,1.002095817321295,1.1796791301875456
mm_001_boredom_2705.05_thirteen-hundred.wav,118.90155820847497,224.08124030538727,178.8117716892134,34.47243916197678,76.7782560076938,72.18350171134679,-0.4344051230720335,-0.6954449636505727,-0.4024704980201054,0.42537551361916925,0.11744169090925428,1.4124854128863202
mm_001_boredom_2708.50_thirteen-hundred.wav,76.73939644412408,523.7070451107206,154.9685502936784,32.581408921161035,72.08537129732265,62.250208094202215,-1.0694940358785932,1.498062927807293,-0.6953034620266872,0.1882398849319485,-0.7657360963958174,-0.05038460877201506
mm_001_boredom_2713.31_two-hundred-one.wav,127.75685370581199,178.82954979343498,147.32338873520237,38.48883611604367,77.38069439460205,71.5664773114562,-0.301017750256161,-1.0267246419955853,-0.7891982962162046,0.929032618726719,0.2308176279659273,1.3216166102493208
mm_001_boredom_2716.58_two-hundred-one.wav,130.14549784252677,187.14340074753213,140.37713696042624,32.161692923039624,74.61467167148457,70.06633768239764,-0.2650375883198105,-0.9658603993844898,-0.8745093983613446,0.13560740188838247,-0.28973422425403444,1.1006919727389837
mm_001_cold-anger_1612.70_december-eighth.wav,96.74031275062174,531.1482012556652,147.4841274075149,11.859604432331505,57.85000608366537,45.242972188008935,-0.7682201053998022,1.5525383249985016,-0.7872241677600315,-2.4102791809887187,-3.4447617121525527,-2.5550297463626626
mm_001_cold-anger_1616.98_december-eighth.wav,167.6821533652296,483.8828738689588,193.7771226001106,16.987896914642157,68.884980470719,52.90494825947175,0.3003772943313022,1.2065171647635253,-0.2186720090517781,-1.7671901199908957,-1.3680338861763215,-1.4266552581404526
mm_001_cold-anger_1621.73_june-twenty-ninth.wav,161.0135444113337,246.2901590910437,210.1378651271793,19.639350032060104,64.01399635332366,53.20339539113979,0.19992799493027474,-0.5328573699393615,-0.01773587512621541,-1.4346972870564172,-2.2847291046401765,-1.3827031332164943
mm_001_cold-anger_1625.37_june-twenty-ninth.wav,129.12816475770364,230.8530822448447,186.44346474838832,30.194823610999173,73.77804296917786,59.162585447591276,-0.2803616830949686,-0.6458694982010734,-0.30874107858330263,-0.11103846383564407,-0.4471836251451802,-0.5050968907209409
mm_001_cold-anger_1630.62_november-fifth.wav,115.18843734353821,215.62925763923494,141.06107898200918,29.15544518323296,70.3871009519913,54.585125229145966,-0.4903358864520535,-0.7573204442645183,-0.8661094944194095,-0.24137675858758476,-1.0853422104179415,-1.1792166325696827
mm_001_cold-anger_1634.99_eight-hundred-four.wav,127.03365138808529,176.72129408763806,153.46758227995718,33.80162610261077,71.25685902965745,56.553882168882815,-0.3119113514019301,-1.0421588117290004,-0.7137377543165437,0.3412554011371306,-0.9216580242655928,-0.8892790128760513
mm_001_cold-anger_1638.73_eight-hundred-four.wav,118.62606128406851,546.6689681253192,155.1495776262929,26.77080026970128,72.61376881179777,61.43448336780246,-0.43855493500958886,1.6661631332228228,-0.6930801563123997,-0.5404117811698688,-0.6662942868366976,-0.1705158858859879
mm_001_cold-anger_1644.60_five-hundred-six.wav,149.87446707480768,269.0748794301572,253.47436414590052,37.121684968742585,78.57512393138329,65.596550644633,0.03214000163757812,-0.36605443418762634,0.5145057732148478,0.7575915492883762,0.4556033835279581,0.4424291937693499
mm_001_cold-anger_1648.47_five-hundred-six.wav,123.57865083731907,170.64228301040882,155.30716331548194,31.483179349614662,75.02120891876929,63.02463292593972,-0.3639540468357173,-1.0866621841231954,-0.6911447515411768,0.050521643165913455,-0.2132259167474527,0.06366445833914673
mm_001_cold-anger_1653.94_four-thousand-four.wav,137.18617777687686,286.7985324230825,257.1241329832333,25.131353425960718,82.51555316713255,70.19115686672879,-0.15898378135619112,-0.23630268356420828,0.5593307827571894,-0.7459987937932053,1.1971727567900639,1.1190740169957571
mm_001_cold-anger_1657.60_four-thousand-four.wav,115.56987777637829,173.53891693700848,137.167955428625,31.057887787850127,78.71092676936479,65.16691808033525,-0.48459024676813917,-1.0654564359040493,-0.9139232898151447,-0.002810016845455771,0.48116080872811084,0.37915747112998227
mm_001_cold-anger_1662.77_nine-thousand-three.wav,80.43111241648391,191.8310442328701,151.02409924109173,31.749559482154517,79.9774431720043,64.69250436480182,-1.0138856945326093,-0.9315429847542299,-0.7437476413574272,0.08392577327246022,0.7195129573749244,0.30929085598034384
mm_001_cold-anger_1667.43_nine-thousand-three.wav,80.84631495143721,178.36848635090286,137.9380548459702,32.22783648343826,78.72181743669226,60.308088902431706,-1.007631496088236,-1.0301000064783408,-0.9044652349986436,0.14390181962967447,0.48321037867627026,-0.3363993037594653
mm_001_cold-anger_1673.10_nine-thousand-three.wav,87.9193371897653,167.1638261165443,144.9633523483676,32.432810975726106,78.6653143982524,64.44385996824604,-0.9010905167925658,-1.1121273560957665,-0.8181833246591157,0.1696056682749264,0.47257678515221807,0.2726731491255927
mm_001_cold-anger_1677.14_seventy-five.wav,76.01889357043909,184.50893551247,158.75077719217148,27.82398266991252,77.79610946148209,60.17457846272953,-1.0803469752814656,-0.9851468566595385,-0.6488516552486585,-0.40834246508707883,0.3089966973919243,-0.35606130383179196
mm_001_cold-anger_1680.47_seventy-five.wav,124.16470202722306,153.12525562720057,150.0469117829389,25.401978766389302,70.01426681577017,58.308376378736895,-0.35512635400712494,-1.2149012649490765,-0.7557490691432941,-0.71206231363753,-1.1555077584297813,-0.6308957332014437
mm_001_cold-anger_1684.17_sixteen-hundred.wav,85.07021673365692,551.508642933836,137.5717384995832,29.67364608635324,74.06162920304291,60.764489306411235,-0.9440068364784016,1.7015935424676756,-0.9089641867005582,-0.17639424572480564,-0.393814092758925,-0.26918549788725643
mm_001_cold-anger_1687.51_sixteen-hundred.wav,102.4419837058422,586.5322401074328,140.51925269584405,29.04033084214353,77.7420245118437,57.13513189435256,-0.6823357992683884,1.9579951459191505,-0.8727639894107669,-0.2558121235309723,0.2988181762698136,-0.8036787244662484
mm_001_cold-anger_1692.38_three-thousand-four.wav,89.92849194540132,284.9283845617432,179.63008479962116,39.40690053639937,80.04201898452574,69.82870401278468,-0.8708266058349476,-0.2499937075890116,-0.39242030179741616,1.0441581089475969,0.7316658072180228,1.065695808846932
mm_001_cold-anger_1695.60_three-thousand-four.wav,82.04400334108198,596.0371411527028,154.61892130461175,33.01984893110348,79.57591822809766,64.17558508217914,-0.9895907082009396,2.0275788570546833,-0.6995974662416623,0.24322036337976188,0.643947940675588,0.23316447219353048
mm_001_contempt_3088.01_april-nineteenth.wav,125.22920560353178,583.1407841715118,147.3358693121028,23.832725392317627,65.54910285559367,48.86440757096205,-0.33909172981647867,1.9331668926790542,-0.7890450147335711,-0.9088470489622824,-1.9958296222053666,-2.021703192121758
mm_001_contempt_3090.97_april-nineteenth.wav,92.4526747018515,210.36678306497325,128.89150453318078,17.166262532876672,65.66921717693052,46.80308291667382,-0.8328048248010715,-0.7958460963349033,-1.0155713686113141,-1.7448230302938104,-1.973224698562669,-2.3252732020184657
mm_001_contempt_3095.04_july-second.wav,86.96713345152548,191.9482175164066,132.16754425032914,20.75086002217252,71.76094891497445,55.37460345643628,-0.9154335678028294,-0.9306851797254797,-0.9753363515110037,-1.2953136777368046,-0.8267907907848184,-1.0629506611841557
mm_001_contempt_3102.45_may-eleventh.wav,86.73470276830199,252.05118584499488,177.57710614268214,28.13707834414149,71.17316514402403,48.786425810396246,-0.9189346726735029,-0.4906819049259193,-0.4176341693021772,-0.3690801952698031,-0.9374088013007364,-2.033187517881641
mm_001_contempt_3107.58_october-third.wav,91.6379497873324,183.963336304348,117.04762354001056,21.582544234292488,71.93792898276227,51.538526107525975,-0.8450770314087471,-0.9891410926345285,-1.1610332052916856,-1.1910202855670278,-0.793484013756923,-1.6278874053067567
mm_001_contempt_3111.99_october-third.wav,106.58521770262738,155.5882484069838,129.33744457762623,20.957626777810052,71.18602788736987,48.17399133788539,-0.6199262390274256,-1.196870127402134,-1.01009451031193,-1.2693850788538108,-0.9349880963595402,-2.123380364745641
mm_001_contempt_3117.58_eight-thousand-three.wav,117.5089438130638,212.1601772649481,171.5350112467543,23.32650426576849,77.35460847600109,55.28878772098852,-0.4553820826331596,-0.7827169723841295,-0.49184077619611494,-0.9723272950778594,0.22590838657354928,-1.07558869159095
mm_001_contempt_3122.09_eight-thousand-three.wav,79.9178812922586,215.66449632319942,132.0414453374006,22.112511619757644,65.76182115601897,46.98680054412093,-1.021616498245296,-0.757062468048448,-0.9768850482168016,-1.1245622531022537,-1.9557970858266818,-2.2982172203872864
mm_001_contempt_3128.47_eight-thousand-three.wav,110.21196643267132,180.79077378626263,117.30756038129921,22.877682109360613,64.3200385771129,47.84931305792645,-0.5652964996687175,-1.0123668656085383,-1.157840764369952,-1.0286096970888523,-2.227133465559002,-2.1711955346924703
mm_001_contempt_3135.39_forty-seven.wav,155.05720267325248,303.62129110079445,223.86955920877958,33.15009214249364,77.56165237478137,65.61426122420421,0.11020758116484987,-0.11314622199165826,0.1509113312239992,0.2595528921509172,0.2648730285123719,0.44503741989449014
mm_001_contempt_3139.79_nine-hundred-one.wav,110.29622247479084,229.2290282867133,130.97785460681294,26.570914709791538,71.87689656937722,56.467019873682936,-0.5640273503664084,-0.6577589119838053,-0.9899476466367548,-0.5654774765202755,-0.8049700133358544,-0.9020711694917606
mm_001_contempt_3143.53_nine-hundred-one.wav,108.76067923933451,219.34387749498958,148.93951851678122,23.64967752065168,73.93398649889292,57.906044124624394,-0.587157247960938,-0.7301263647270175,-0.7693496328871937,-0.9318012943204305,-0.41783582096539307,-0.6901469560054856
mm_001_contempt_3149.74_one-thousand-eight.wav,101.71273134285612,151.0389586965423,118.65806253979042,22.262275969781538,69.68873411072867,51.88874157278496,-0.6933205322846647,-1.2301746783464855,-1.1412544338818107,-1.1057817690405451,-1.216771410080675,-1.576311389838509
mm_001_contempt_3154.11_one-thousand-eight.wav,102.62488933303496,201.82971290630772,135.02341275219612,18.02331427430229,68.96068635863216,49.969667263697595,-0.679580690634033,-0.858344487536985,-0.9402617101971689,-1.637348544093754,-1.3537864109665967,-1.8589322791730567
mm_001_contempt_3162.70_six-hundred-three.wav,133.87703844689466,272.2530787273667,156.0925820040196,25.096927303226252,69.82393111483643,60.26339327187858,-0.2088293682867165,-0.3427873953436782,-0.6814985515275448,-0.7503158375303691,-1.1913279998314774,-0.342981601691587
mm_001_contempt_3167.00_six-hundred-three.wav,113.91525778445929,140.2262908805327,130.27344878220794,23.880465290042768,65.13592175993408,50.95453225222593,-0.5095137983082393,-1.30933232031774,-0.9985988788700474,-0.9028604547681931,-2.073588269251283,-1.7138918200234021
mm_001_contempt_3171.76_thirty-seven.wav,101.82414341356714,187.5053189844951,146.7551832693539,23.70037175977741,74.19549355127846,58.549203540905935,-0.691642331549682,-0.9632108595380918,-0.7961767698028446,-0.9254442250327837,-0.3686214817807711,-0.5954292656312027
mm_001_contempt_3176.50_two-hundred-ten.wav,135.8600054120541,558.174646102939,167.2152136451389,26.761445004239906,75.39863274639269,60.10066448837594,-0.17895992418484274,1.7503941808686658,-0.5448948125867867,-0.5415849336181139,-0.14219661142060488,-0.366946569226229
mm_001_contempt_3179.37_two-hundred-ten.wav,105.52791147797014,219.51080929057937,127.98084262347773,21.128468342361625,71.05839832717155,55.10151938442593,-0.6358524494640292,-0.728904286370985,-1.026755756064772,-1.2479615072252739,-0.959007350939047,-1.1031675839626018
mm_001_despair_1770.71_december-fourth.wav,165.72824576246762,232.57190889223224,194.45799362507282,19.280381222479704,58.885581657965965,44.10113813032879,0.27094557159141686,-0.6332862702059341,-0.2103098218691677,-1.4797120586352317,-3.2498714898812184,-2.723186943468544
mm_001_despair_1774.85_december-fourth.wav,76.71213710058471,535.3103194187635,180.2697334788509,26.997243315300732,69.23450979428351,59.23196308685998,-1.0699046435449886,1.583008461046589,-0.38456439107317086,-0.5120157709839548,-1.3022541891167,-0.49487968859530956
mm_001_despair_1780.39_december-fourth.wav,135.47099366823826,188.86284357175052,155.01331242283774,31.584185403469895,76.93117416402019,65.713830197427,-0.18481961057449744,-0.9532726604669954,-0.6947537113558558,0.06318782563364787,0.14622013471901796,0.45970088114197794
mm_001_despair_1785.42_march-eleventh.wav,95.68868139610636,230.34153774161942,166.72784837692802,30.764987691670235,76.99155074733055,60.99248946965499,-0.7840608352310977,-0.6496144256627971,-0.5508804390118629,-0.039539756513819836,0.15758271030823695,-0.2356080545338428
mm_001_despair_1789.63_march-eleventh.wav,94.76970463087365,212.92992636019355,172.059768604905,35.978973941095454,76.55572323587215,59.17990096714266,-0.7979033881340566,-0.7770817744546306,-0.4853959149912313,0.6142953226600651,0.07556211935575585,-0.5025468448411498
mm_001_despair_1857.40_december-fourth.wav,149.31696547009537,202.86426100020984,172.60855455158023,28.94753648070498,83.99756424184426,63.653602306896495,0.023742351393656682,-0.8507707426469502,-0.4786559442169735,-0.267448557874226,1.476079941284264,0.1562923909671122
mm_001_despair_1866.14_march-eleventh.wav,93.02675540909915,494.8372665057554,187.29116823790474,35.61657726965339,75.93392230665786,62.057538754355704,-0.8241574434294313,1.2867123492555705,-0.29832992141138204,0.5688506964125766,-0.041457752791131175,-0.07875890356459993
mm_001_despair_1870.19_march-eleventh.wav,89.46477809521248,225.79059431227097,182.9690658894584,33.761850064732826,77.44795686035904,61.643754553127835,-0.8778115305315456,-0.6829310831928113,-0.35141226378615714,0.3362674768061037,0.24347609271462758,-0.13969664755389857
mm_001_despair_1876.11_november-ninth.wav,119.05489251805069,314.7753101461988,226.32803712635845,35.174377850445744,78.32914070030601,58.24065123297928,-0.43209544738441896,-0.03148960762407523,0.18110537940257992,0.5133987871751576,0.4093105510497021,-0.6408695736273681
mm_001_despair_1882.37_eight-hundred-six.wav,101.4333101335133,336.2537588650215,197.40704547287223,35.52279951700442,76.88357297048057,62.82414559465622,-0.6975294557513609,0.12575034302576948,-0.17409073975462147,0.5570909445845493,0.1372618245584265,0.03413881277172819
mm_001_despair_1886.44_eight-hundred-six.wav,79.09998060606624,284.86075143834006,176.5578250499355,34.77507471460745,76.05307676371461,66.2939428115883,-1.0339365415220343,-0.25048883780653447,-0.43015257436973914,0.4633260817736056,-0.019033470878056787,0.5451337078710394
mm_001_despair_1893.16_five-hundred-twelve.wav,100.66283608818941,277.3307185608091,207.28709281889806,30.735110026972876,77.74591325991908,63.9735711655681,-0.7091351112328158,-0.30561488594692265,-0.05274792701691388,-0.043286422563252214,0.2995500195032545,0.20341400734690465
mm_001_despair_1900.20_five-hundred-twelve.wav,96.2273563448728,275.48293279684657,188.94846033788968,26.97890985198984,74.98414996116767,60.37372069712494,-0.775946771026319,-0.31914220098445295,-0.27797571885575906,-0.5143147915148835,-0.22020023003115555,-0.3267337498530901
mm_001_despair_1908.64_four-thousand-six.wav,190.6295490598454,581.4727126302861,214.51047093693862,30.36124895530653,74.32793922893413,66.21631057567821,0.6460340627126104,1.9209552339016267,0.035966730677881156,-0.0901686872450869,-0.34369585761797294,0.5337008563915299
mm_001_despair_1916.47_nineteen-hundred.wav,227.87145279884396,326.7000548518824,266.58168817760844,30.52468159810369,75.26224342405352,67.80779090019479,1.207009097357191,0.055809353934097305,0.6754847148908455,-0.06967419611468563,-0.16786441008809438,0.7680771817601973
mm_001_despair_1920.64_nineteen-hundred.wav,224.71128561420718,384.3228045966898,260.898724181828,31.304629274971656,80.82143116852791,71.14603549355483,1.1594074788065292,0.4776553841011458,0.6056888109053753,0.028131422592627058,0.8783473411888858,1.259698403160599
mm_001_despair_1937.34_ten-thousand-eight.wav,99.64359491435295,219.60499403082054,199.25713338603572,28.025011362856876,79.16211220261653,60.0250173278365,-0.7244879475650078,-0.7282147764300501,-0.1513686956861186,-0.38313342059027283,0.5660716849154006,-0.378087079880794
mm_001_despair_1942.60_three-thousand-six.wav,87.72466047484717,524.1445851005235,222.9515100504505,33.736962755773895,80.86704989066331,66.93325255284532,-0.9040229333967507,1.5012660812242176,0.13963621652043012,0.3331466025181476,0.886932559996028,0.6392844589799034
mm_001_disgust_849.14_April-second.wav,135.7364185495777,340.0374522550331,212.0195243306873,45.62511563389381,85.48854627747234,73.58341755248658,-0.18082151388619613,0.15345009777566365,0.005373914976085556,1.8239237174661698,1.756675416435725,1.6186501549929464
mm_001_disgust_853.29_April-second.wav,165.08626749666308,317.648804807755,253.19431331539747,40.28266603173636,80.66475399620408,65.31753275077254,0.26127544886018683,-0.010453257900189911,0.51106630027584,1.1539793042076616,0.8488614690837457,0.4013384007085042
mm_001_disgust_862.32_July-seventh.wav,213.36257574145043,365.57620514856086,304.37268836335875,50.59603165082578,81.16662397245925,72.28897210615271,0.9884617892773877,0.34041482214692187,1.139618751713525,2.4472777333797593,0.943310926613426,1.428017972848884
mm_001_disgust_865.33_July-seventh.wav,147.31937755729575,276.8047210928669,229.3111050519455,45.461223329205545,78.67054206748426,68.18797741723392,-0.006347328136203285,-0.3094656210248566,0.21774223345813992,1.803371584628524,0.47356060675234196,0.8240670155304712
mm_001_disgust_868.70_July-seventh.wav,148.12405314597103,240.8496807969259,198.78369733301497,51.00452530233817,80.6623573570582,66.8121146112052,0.005773505411896695,-0.572686155978688,-0.15718324902913308,2.4985029315682046,0.8484104334013318,0.6214445490627272
mm_001_disgust_874.43_May-seventeenth.wav,188.4840330304727,394.8745522579498,267.8742707061721,43.98076300812577,79.65627861052229,71.3946242686955,0.6137161410149742,0.5549028754468373,0.6913596995157547,1.6177215186442309,0.6590713688262788,1.2963079186838673
mm_001_disgust_879.98_October-twelfth.wav,156.23284355988116,585.0144948226897,180.1090883943152,32.702565176814254,79.24699186753989,61.25548729998138,0.12791626737294773,1.9468839992625067,-0.3865373701214838,0.203432907356234,0.5820456197722582,-0.19687652634447897
mm_001_disgust_885.89_October-twelfth.wav,140.82035630238596,274.28036421299373,218.85535193555836,30.81663068917986,80.99306568075444,61.68896691829343,-0.1042421269407856,-0.32794599437072125,0.08932883137623553,-0.03306371270584003,0.9106481109901166,-0.1330382504342498
mm_001_disgust_892.63_eight-thousand-twelve.wav,161.0153336360558,303.61775289782787,227.5438385472341,37.330796059111464,82.52762871931915,68.46024759227643,0.19995494603372807,-0.11317212455413554,0.1960373689946028,0.7838141282878021,1.199445316232464,0.8641640762046774
mm_001_disgust_896.73_eight-thousand-twelve.wav,99.31843801736713,315.1233023544388,217.84954451300067,33.5730219471757,80.89236869397895,64.74803308294776,-0.7293857879877178,-0.028942017788025597,0.07697590456817653,0.3125883872790011,0.891697434070199,0.3174685360377019
mm_001_disgust_902.40_four-hundred-eight.wav,136.4886604842893,471.1088635361727,198.910531336508,36.202933940252564,77.49981657787498,66.51481440725601,-0.16949048880371476,1.1130008787122114,-0.15562552423332843,0.6423799582489708,0.2532358361118547,0.5776613314762122
mm_001_disgust_904.88_four-hundred-eight.wav,154.63352439700026,276.0052382330141,210.6692400183546,30.91991105085315,78.85565043416456,67.19850026647373,0.10382571257498342,-0.31531849462268224,-0.011209740012162657,-0.020112331512764144,0.508397089595201,0.6783473260948654
mm_001_disgust_910.58_nine-hundred-six.wav,136.58022756529851,201.5491335731757,171.81074938063216,44.44022221407277,77.0195161527751,67.72850641078115,-0.16811121327576556,-0.8603985595545969,-0.48845427008212905,1.6753378091226807,0.1628456618670131,0.7564010039267429
mm_001_disgust_916.52_nine-hundred-six.wav,151.75219447837787,216.83759933834224,195.39727558681903,35.807995252783755,82.64555051101381,70.16306065849037,0.060424221548920146,-0.7484743869154474,-0.19877393431717905,0.5928545556803574,1.221637616595986,1.114936305745249
mm_001_disgust_921.82_one-thousand-five.wav,117.00789503833744,194.146101022128,158.393047709547,50.93272095786192,80.74071537272476,68.69498540237569,-0.46292938353728624,-0.9145948606108187,-0.653245146504378,2.489498650196953,0.8631570259909761,0.8987337686530366
mm_001_disgust_927.04_one-thousand-five.wav,135.94245343053262,182.91345621360355,162.15351262086656,46.886580813068676,79.27662845069253,67.05154321208579,-0.1777180091542228,-0.9968270803805727,-0.6070606117992366,1.9821117421069747,0.5876230787441747,0.6567050513749997
mm_001_disgust_932.74_six-hundred-twelve.wav,175.93185099849057,566.080048345765,248.68245263124456,32.29242538217221,80.6834535242112,66.53257078662978,0.42464254264028506,1.8082682422034484,0.4556534214786537,0.15200128243936692,0.8523806281486336,0.5802763025100132
mm_001_disgust_935.95_six-hundred-twelve.wav,97.43869553441506,579.640188888189,188.97981277572208,36.90213147747786,73.19875980510938,63.65317207190503,-0.7577003610527004,1.90753964944559,-0.2775906606814885,0.7300594908062887,-0.5562018633163506,0.15622903052539602
mm_001_disgust_942.71_three-hundred-eight.wav,120.68806366630928,241.11486377595955,184.11816479552726,43.0421284317536,77.25022851969986,64.21199642362079,-0.4074949799138072,-0.5707447979652535,-0.33729948795696985,1.50001652611087,0.20626459292965435,0.238526747980025
mm_001_disgust_946.20_three-hundred-eight.wav,132.23630911767236,186.59031680861486,162.8671360880419,33.58917390028064,79.27985895577419,67.6653104298301,-0.23354368468561298,-0.9699094297590325,-0.5982961721452587,0.3146138459265664,0.5882310438884266,0.7470941708071599
mm_001_disgust_951.07_three-hundred-eight.wav,140.51679018554873,180.38158335360254,159.6706022351976,28.175742956395933,74.38105152968703,63.351741685779174,-0.10881474530377658,-1.0153624768968657,-0.6375547298354146,-0.364231643968503,-0.33370038422525067,0.11183756355825214
mm_001_disgust_956.54_two-hundred-three.wav,122.78308641041086,183.05385414947682,160.95359745561467,39.90794329570164,75.32201570702577,64.07207381889201,-0.37593763889574106,-0.9957992517511846,-0.6217974927168026,1.106988986615143,-0.1566155608459772,0.2179204323208567
mm_001_disgust_959.83_two-hundred-three.wav,136.77131424635922,254.14037307898988,193.34861938677588,44.52892753477495,79.66027462308584,70.20632495905244,-0.1652328733745779,-0.47538733212542766,-0.22393471512515495,1.6864614768137587,0.6598233987080523,1.12130781259279
mm_001_elation_2191.06_december-ninth.wav,331.81745732388407,415.89456534221284,367.3252452701752,16.518441265878685,75.30433183902285,62.039358438264934,2.772748429542257,0.7087866993345515,1.9127770227795402,-1.8260599667059172,-0.15994357770079098,-0.08143630749712417
mm_001_elation_2193.38_march-seventeenth.wav,201.53876275933854,402.03144356946297,270.56125977011453,20.60189848131532,69.48429875471786,57.33857877791493,0.8103596185678509,0.6072972197200543,0.7243602307273164,-1.313993489343705,-1.2552451371188746,-0.7737172274609118
mm_001_elation_2199.71_november-sixth.wav,113.79986118299057,336.30681754056013,247.5812254012934,27.577111381938682,74.3439826685018,63.666090701562815,-0.5112520180555556,0.12613877627029568,0.4421285865395401,-0.43930018158200207,-0.3406765613146093,0.15813154914365762
mm_001_elation_2202.99_november-sixth.wav,229.07610823184757,285.04885520105694,264.9858010932573,26.46569562640612,67.73494526921694,57.00881344346614,1.2251548298632424,-0.2491117631977555,0.6558846643197477,-0.5786719738635494,-1.5844648465067337,-0.8222815647834953
mm_001_elation_2206.52_eight-hundred-ten.wav,98.01186854541126,223.43947388231206,176.54382106077796,22.018751056109142,67.44822961953146,52.487560312061404,-0.7490666523155118,-0.7001432229156676,-0.4303245657959349,-1.1363198494256548,-1.6384233195361997,-1.4881237236063531
mm_001_elation_2210.14_eight-hundred-ten.wav,187.6559414898045,281.65459847634213,225.48560067919442,32.21896281177123,81.10241693659839,73.4428594111929,0.6012425928319695,-0.2739605205206873,0.17075890995041038,0.14278905915440146,0.9312274787214091,1.597950244256023
mm_001_elation_2212.71_eight-hundred-ten.wav,251.20096585162946,401.00487528027946,328.94518610479724,32.52623297454345,83.34308197644239,73.88814304484798,1.558421701952991,0.5997818935788116,1.441408397806312,0.18132080849035226,1.3529096026414642,1.6635268902221532
mm_001_elation_2216.10_five-hundred-two.wav,148.91126097771547,367.92005792236006,191.42655835036152,33.420333594512066,83.54726564768755,67.02939475980837,0.017631222025424376,0.3575737566355058,-0.24754070447356494,0.29344123261134913,1.3913359638464609,0.6534432624748059
mm_001_elation_2219.21_four-thousand-ten.wav,208.71153174402093,581.7105562687585,268.60792595004557,36.0653942479479,81.16153345164163,73.69155614296739,0.9184030837429741,1.9226964454046256,0.7003701614855733,0.6251324490869578,0.9423529156693262,1.6345756584861404
mm_001_elation_2221.80_four-thousand-ten.wav,227.5605067035489,502.92885762297897,280.5680729171371,38.281986222237954,85.89723960847529,73.50580464755866,1.2023253143314032,1.345949466638073,0.8472599306248896,0.9030935942982445,1.833589488278112,1.6072201503752526
mm_001_elation_2225.07_nineteen-hundred.wav,144.33690785869655,390.39524560039666,322.91937353953534,37.280567707807386,82.93272389487755,75.04064329531845,-0.05127228831610116,0.5221106581410344,1.3674017640230016,0.7775154814405274,1.2756822329431952,1.8332548909586917
mm_001_elation_2227.76_nineteen-hundred.wav,184.98392919416568,301.0695054703392,228.22200548460262,35.768901860139906,77.61398083473688,69.83468891020883,0.5609940545020909,-0.13182739640301766,0.20436634564865852,0.5879522352192543,0.27472098692789604,1.0665772009976047
mm_001_elation_2230.82_nineteen-hundred.wav,198.5828131151635,332.61978256442256,272.9131871671904,38.07663247957324,80.66322256528244,72.01664293217874,0.7658341301376691,0.09914664079153279,0.7532456677825201,0.8773421875681947,0.8485732613274801,1.3879122234384462
mm_001_elation_2233.17_seventy-one.wav,268.62927280919826,544.2400228205902,531.3603696797119,33.98551527463104,90.10607898444485,70.1991949078921,1.8209444013251106,1.6483812512607394,3.9273911927854552,0.3643151457539004,2.6256723278536183,1.1202577743580058
mm_001_elation_2238.15_ten-thousand-five.wav,225.41757595107967,302.3566500820029,267.1634061520981,38.05362134344177,86.80482839808313,75.137317199768,1.1700463346763292,-0.12240443677186678,0.6826291437354148,0.8744565857858614,2.0043932280796275,1.8474919972143484
mm_001_elation_2240.44_ten-thousand-five.wav,111.86948203343212,352.24417918286787,297.31589793086005,18.496002884495024,86.91338945222797,72.90307377872963,-0.5403293315540799,0.24281340165555768,1.052950057729546,-1.5780732832692688,2.0248238837433514,1.5184563472378674
mm_001_elation_2243.29_ten-thousand-five.wav,170.62100716892422,233.4241659007088,197.20540288316516,29.516225830965,81.27387622500629,68.28488782152559,0.3446452680067877,-0.6270470463351524,-0.17656723385893489,-0.19613478208634497,0.963495272263053,0.8383389509719421
mm_001_elation_2246.43_three-thousand-ten.wav,208.7440534947844,394.80332558592147,291.0134063820646,40.08381824845739,85.17132965775414,72.95438458699735,0.9188929590831042,0.5543814374909912,0.9755453626909045,1.1290437462862937,1.6969768110811194,1.526012858310121
mm_001_elation_2248.84_three-thousand-ten.wav,209.54522713376932,371.76076870825096,279.18085742625544,43.76643773670333,84.27152819181823,74.339628981305,0.9309610427405799,0.38569092572624053,0.8302227015872565,1.5908450801371476,1.5276386072375636,1.7300169454947938
mm_001_happy_2300.82_april-thirteenth.wav,156.887908394013,478.39883220916016,247.0305428261578,22.80917023719285,76.4280454149994,50.43806071606125,0.13778351316674295,1.166369458975409,0.4353653221287197,-1.0372011016726483,0.051533782355035314,-1.7899522644656276
mm_001_happy_2303.64_april-thirteenth.wav,233.4490379730376,430.6650087864928,352.4272401788002,26.916691932613247,75.3037587880745,49.972292332399064,1.2910242985739298,0.8169185215466267,1.7298056483867563,-0.522116932965892,-0.16005142306666065,-1.85854568692519
mm_001_happy_2307.54_june-eleventh.wav,156.77868226789718,361.8048093258272,217.3727256467116,28.489496383338103,79.04038296335655,60.83128268352711,0.13613823932920396,0.31280509572715565,0.07111980485776423,-0.32488689180916874,0.5431628416739791,-0.25934887845425353
mm_001_happy_2310.50_june-eleventh.wav,124.19885293567414,305.5428878502372,192.2506030737347,25.81739150256774,75.79478382450604,63.07341899623028,-0.3546119386543075,-0.09907854969340286,-0.23742011485959005,-0.6599694606348947,-0.0676429297941506,0.0708491528073943
mm_001_happy_2314.15_may-twentieth.wav,160.69022104496028,375.5730396691731,210.8891837858387,24.02077671208539,78.91889816706092,55.03406408668385,0.1950577729909275,0.4135998918534783,-0.008508478119790868,-0.8852653700572675,0.5203000013944235,-1.1131016840377883
mm_001_happy_2316.57_may-twentieth.wav,164.49895675392168,318.14313954888064,206.99171344594302,34.63976983616045,68.52326500740197,57.92418305869072,0.2524287833791339,-0.006834320084118632,-0.0563756590189758,0.44635881878518463,-1.43610695471354,-0.6874756463781662
mm_001_happy_2320.40_september-first.wav,195.01110772850268,415.9063267411538,249.45019446329792,29.633587093494764,80.35979286348645,64.51209782189359,0.712033509013026,0.7088728024704558,0.4650825213700857,-0.18141765267570342,0.7914692860172433,0.28272249572610103
mm_001_happy_2324.05_eighteen-hundred.wav,144.2102363973693,260.93906211992663,207.9712103709154,30.18815701136573,79.75196485652936,68.10439905651515,-0.05318034134970914,-0.4256153237613556,-0.04434586727998253,-0.11187445696846718,0.6770790490143912,0.8117584819194423
mm_001_happy_2327.70_four-hundred-nine.wav,113.13122819568942,250.0668725546056,178.83924719068153,29.793966654311472,81.09860653661869,67.75274909591603,-0.5213236410274767,-0.5052087140050688,-0.4021330548366106,-0.1613060187303656,0.9305103802136659,0.7599712092076084
mm_001_happy_2334.48_nine-hundred-twelve.wav,88.14110342627649,293.2821528229066,194.72977653350662,26.84934182547393,81.90536269701118,63.58197203094514,-0.8977500505510512,-0.18883723738385927,-0.2069718922613042,-0.5305626519469616,1.0823379158562003,0.14574344442721565
mm_001_happy_2338.14_one-thousand-one.wav,150.10485657734512,373.22812894066607,203.74338766497027,31.235310564541702,78.88413358176871,67.6566791835684,0.03561036019049887,0.39643321226429473,-0.0962703045755269,0.01943884030451748,0.5137574776782329,0.7458230524961096
mm_001_happy_2340.65_one-thousand-one.wav,148.27399905695367,282.2245948044258,227.88488920303516,27.8246910678696,81.9427522458113,70.0964638460476,0.008032141629792686,-0.2697876775155067,0.2002260175315542,-0.4082536318197481,1.089374444775108,1.105128634270364
mm_001_happy_2344.25_six-thousand-five.wav,127.52022107728655,282.0227350005229,189.6170625197556,30.994156419719253,83.00169200068707,64.5568715137196,-0.30458214905584136,-0.271265457685732,-0.2697642127253951,-0.010801945119586456,1.2886616907485104,0.28931628969371215
mm_001_happy_2346.87_six-thousand-five.wav,161.15362452457546,231.46968397107207,180.07866153593238,28.860897864621812,74.13856643766611,63.86710563861637,0.2020380225735858,-0.6413554652617376,-0.3869110606970079,-0.27831306032904135,-0.3793348841634689,0.18773489488727374
mm_001_happy_2350.95_three-hundred-nine.wav,162.3706218709003,432.84690873210815,233.24492557307772,22.596416146477623,78.48571672677556,68.37870594687337,0.22036966139907438,0.8328918278250634,0.26605585282874994,-1.063880513756386,0.4387773880032701,0.8521554884014382
mm_001_happy_2353.51_three-hundred-nine.wav,182.2091123180715,434.46386019489995,249.51297549826663,27.92490711641175,75.90761002695595,62.001083680675976,0.5191969701181025,0.8447292454868783,0.465853573076913,-0.39568651620062417,-0.046409594227749186,-0.08707300742981194
mm_001_happy_2357.43_two-thousand-eight.wav,190.92070606678055,459.34921336691065,263.9461444170285,26.943531159273327,82.44493047460594,67.2679562263649,0.6504197625736362,1.0269105452583922,0.6431160144381373,-0.5187512877476689,1.1838819139143932,0.6885760624502402
mm_001_happy_2361.98_two-thousand-eight.wav,174.6710543584391,318.39176444425686,241.4484236014215,29.188939829934288,81.30551415719856,67.98002529962821,0.40565115477275226,-0.005014180892919948,0.36680795352064366,-0.23717652215998036,0.9694493752664198,0.793442035487526
mm_001_hot-anger_1490.03_december-tenth.wav,228.04541602551984,404.15426567794776,327.28407166753163,18.570079968728866,73.37449503141586,56.08150737582729,1.2096295065552631,0.6228380275291411,1.4210072508241467,-1.5687839998078204,-0.5231293593236745,-0.9588453571704852
mm_001_hot-anger_1493.68_december-tenth.wav,251.25763477591286,360.4173442038542,322.47099205642513,11.593288615118391,75.11214205114398,54.713886515960986,1.5592753063225726,0.30264770726007223,1.3618949209447664,-2.443675245938447,-0.19611274913310411,-1.1602540373125831
mm_001_hot-anger_1498.12_march-thirty-first.wav,138.82255617050694,299.04418593544847,230.2000259666813,11.709553401092002,75.18928000438558,54.567530698237654,-0.13433500312799837,-0.14665440499592888,0.22865960665664026,-2.4290956149410365,-0.18159576628232074,-1.1818077682798451
mm_001_hot-anger_1501.43_march-thirty-first.wav,153.9993319813425,406.0308289005377,252.05982193920056,15.945950319388716,70.6945514467383,58.81358556388783,0.09427286815440142,0.6365760172868823,0.49713292831990713,-1.8978504635385212,-1.0274815416790686,-0.5564938882435794
mm_001_hot-anger_1505.31_november-third.wav,130.19428191543338,248.71274663612166,188.80413074129464,14.486438565202329,76.96478452605491,54.212277335087975,-0.26430275351703875,-0.5151220320190227,-0.2797483175689814,-2.0808735743990208,0.15254543930337036,-1.2341257118618205
mm_001_hot-anger_1510.25_eight-hundred-twelve.wav,221.66505640818764,425.0776824975266,306.31844978881213,23.763266889870852,77.14266803014942,62.785904508836815,1.1135221087578255,0.7760146871290271,1.1635158198157358,-0.9175571612015682,0.18602223859423486,0.028507071659764942
mm_001_hot-anger_1513.77_eight-hundred-twelve.wav,117.43149606892521,294.22643193968497,213.3757958374264,22.669969607294092,73.484817332683,57.34756231287579,-0.45654867849935826,-0.1819243358207314,0.02203110230524668,-1.0546568927923394,-0.5023672456267021,-0.7723942278105167
mm_001_hot-anger_1518.63_five-thousand-five.wav,109.58306361009777,346.54230308960183,260.5528487118791,21.17649128623672,81.30708197232369,69.24670126897352,-0.5747696669147794,0.20107096823991827,0.6014409059196306,-1.2419394189786475,0.9697444303505676,0.9799846238906392
mm_001_hot-anger_1521.77_five-thousand-five.wav,124.29051358697458,474.6794200191428,260.02998772617605,20.641202714101702,83.18779745230202,66.02617310312583,-0.3532312536764618,1.1391402956004846,0.5950193352070631,-1.3090647294800621,1.3236858200648478,0.505699428133063
mm_001_hot-anger_1525.71_four-thousand-twelve.wav,215.83429303995842,444.8996215329431,270.7136570185569,30.49048024461665,80.05029461247284,63.23978278784169,1.025693282782113,0.9211276213318453,0.7262319131324538,-0.07396305373634107,0.7332232396353858,0.0953494457432337
mm_001_hot-anger_1529.80_one-hundred-five.wav,108.37345198533184,453.1285401233384,236.24289514652364,18.608186693597727,72.84133755344878,59.64152121074651,-0.5929900545691029,0.9813700890255861,0.3028757229977245,-1.5640054077134442,-0.6234669705663932,-0.43456431640836857
mm_001_hot-anger_1533.97_seventy-three.wav,113.98644976511677,318.30039034977364,252.55175431048173,19.278188442225208,74.86121001567344,54.40080024201909,-0.5084414330474396,-0.005683114589915763,0.5031746460887999,-1.4799870337852847,-0.24333692222243256,-1.20636205968613
mm_001_hot-anger_1537.96_seventy-three.wav,126.5974341357484,359.53264366900316,279.00249518590755,21.102395581828425,75.36087712801846,57.122532048778545,-0.31848209466890226,0.29617097003100223,0.8280321274764232,-1.2512310374142699,-0.14930203283025503,-0.8055342959491995
mm_001_hot-anger_1541.71_ten-thousand-nine.wav,118.99302172537482,273.617930902764,206.18975270531377,11.672568652023633,75.07968946788465,57.017880339558324,-0.43302740753092706,-0.3327955522867944,-0.06622502193850796,-2.4337335110110554,-0.20222016545466132,-0.8209462885907272
mm_001_hot-anger_1550.75_three-thousand-twelve.wav,135.47027768009266,424.08684065807716,280.39830563838564,20.052205410063657,79.5040547220447,59.544812257842295,-0.18483039550852226,0.7687609080513838,0.8451749164146272,-1.3829251273592038,0.6304235828059864,-0.4488065842283157
mm_001_hot-anger_1553.87_three-thousand-twelve.wav,121.66569793404032,318.3455488700085,223.7299546944834,11.099418152530443,74.9055686678031,55.53823196717092,-0.3927688686748735,-0.005352516994805226,0.14919676409265922,-2.505606715942502,-0.23498884238379325,-1.0388531913752332
mm_001_interest_2423.70_august-fifteenth.wav,208.9449027577634,381.37958486895235,251.23188222831027,25.087468133168745,80.62492405005159,65.69539534641046,0.9219183528182799,0.4561085894140825,0.48696450201807534,-0.7515020196389528,0.8413656694034979,0.4569859920079969
mm_001_interest_2427.51_june-thirtieth.wav,133.03803472388293,361.5650941192587,313.9313043494295,22.956683668754508,74.23160866735962,53.188350892744936,-0.22146728674228072,0.31105018280284286,1.2570138723043178,-1.0187028833056626,-0.361824794822249,-1.3849187272118977
mm_001_interest_2431.14_june-thirtieth.wav,175.21006686539047,365.14625825750414,206.2274449115561,26.221125191153927,72.87576854500182,59.63319704965541,0.4137703036186333,0.3372672564722851,-0.06576210124961335,-0.6093411628960939,-0.6169872275487714,-0.43579021047583194
mm_001_interest_2435.36_may-twenty-fifth.wav,137.249262236307,434.7981370907009,161.53468979960897,27.40905359912079,72.43842637450278,56.43630913939671,-0.15803353973958706,0.8471764279294847,-0.6146607476171976,-0.4603746663385812,-0.6992928698721238,-0.9065939203800351
mm_001_interest_2439.36_may-twenty-fifth.wav,149.9670260302589,332.8947227349373,285.46332409584,27.784717864576663,67.61042489286235,54.24671973289952,0.03353421777660262,0.10115942949007198,0.907381459022253,-0.4132662807393253,-1.6078989680013862,-1.2290534011887948
mm_001_interest_2443.70_september-ninth.wav,85.27479898195189,348.65979436678737,274.39214081280744,22.79312774416709,70.62715923437023,51.13621964951828,-0.9409252127614927,0.21657274996935694,0.7714095883572574,-1.0392128340010178,-1.0401644241008965,-1.687134829134361
mm_001_interest_2447.47_september-ninth.wav,141.03613958775802,290.3693876757189,207.21622615357404,23.26728387216309,73.00095146871574,55.37959963705558,-0.10099178193061495,-0.2101610794356836,-0.05361828322054251,-0.9797535461052694,-0.5934284179045223,-1.0622148767472455
mm_001_interest_2452.19_fifteen-hundred.wav,254.186939765749,460.78410873091315,383.92224238228897,31.065427871391385,71.21668344806379,60.11095604035202,1.6033994461537247,1.0374151621968453,2.1166147415728194,-0.0018644886289746455,-0.9292188708334121,-0.36543093871711335
mm_001_interest_2463.76_fifteen-hundred.wav,123.31070683790188,250.3920996529773,225.674206753096,29.21758612849764,76.16722707175045,60.69532502817897,-0.3679900890157649,-0.5028277835399584,0.1730752947515257,-0.2335842697079773,0.0024490548376250774,-0.2793712784647061
mm_001_interest_2468.49_four-thousand-six.wav,106.44580291959231,390.40053625314056,182.09645822403846,27.154582132127885,77.54807151111005,65.70861401878254,-0.6220262447975701,0.5221493900805355,-0.3621292841434665,-0.49228544703677374,0.2623171768630818,0.4589326977316512
mm_001_interest_2472.12_four-thousand-six.wav,129.1176883293463,268.421895691747,225.5028705198186,26.90569864662339,76.19061940996436,57.79398079789575,-0.2805194896024421,-0.3708348134481074,0.170971011265665,-0.5234954935664983,0.0068513776686111956,-0.7066504529841405
mm_001_interest_2476.18_nine-thousand-eight.wav,108.01444462088809,586.9961011957205,188.2468047014606,19.562283949630324,71.38832501946801,60.75053826922739,-0.5983977848000256,1.9613909914751109,-0.28659317437147763,-1.444361391581559,-0.8969167725297106,-0.271240058524834
mm_001_interest_2480.74_nine-thousand-eight.wav,109.3130603332942,373.33122097249037,198.83859855039287,31.877947459708444,72.89306344365397,65.21862080551158,-0.5788367280032924,0.3971879309224555,-0.15650897410857426,0.10002565529232575,-0.6137324128098715,0.3867716995635348
mm_001_interest_2487.01_one-thousand-ten.wav,150.81442179417,281.83591415978816,179.6407010651449,27.1587096219646,80.0930752108724,63.961467671715184,0.04629854559800523,-0.27263314024800905,-0.3922899170457744,-0.4917678588585395,0.7412743375348528,0.20163153327564579
mm_001_interest_2490.92_one-thousand-ten.wav,107.74329316016632,346.40120140121667,248.65242214025616,26.872018171118174,70.85367687046605,62.2987259766492,-0.6024821409902554,0.20003798756199578,0.4552845989298537,-0.5277190329690031,-0.997534920718773,-0.04323941016200529
mm_001_interest_2496.50_six-thousand-nine.wav,143.84579865938397,276.7953948993655,222.78416045318264,29.018321244521065,76.48482917002191,66.67253791735843,-0.05866986933208314,-0.3095338964494513,0.13758089531276665,-0.25857213215310004,0.06222020535724999,0.6008891754857073
mm_001_interest_2501.08_six-thousand-nine.wav,109.55982096912143,409.9461415029427,181.68347439777668,25.504066243735856,72.49527708254614,63.12561632753425,-0.575119770964731,0.6652393331734413,-0.36720138727604335,-0.699260520414369,-0.688593846641168,0.0785362215801685
mm_001_interest_2506.84_three-hundred-six.wav,197.5540557453068,411.4010513683769,381.801607444326,25.797451599114552,74.49401853736178,65.98179014776869,0.7503379512838503,0.6758904727615795,2.0905699465278054,-0.6624699291304671,-0.31244054980908104,0.49916317768411894
mm_001_interest_2511.50_three-hundred-six.wav,137.88201049370358,370.96629097545775,253.56108181778453,31.396662210850323,80.35507185128681,65.64154723786301,-0.14850244868414672,0.37987469378453015,0.515570805177949,0.039672373994918665,0.7905808147750024,0.44905581428918695
mm_001_interest_2516.88_two-thousand-five.wav,202.97861810182513,449.93097219822,304.9874285681907,30.80465527859227,76.57826790418788,62.59227343712705,0.8320481688174661,0.9579612558585742,1.1471687464599842,-0.03456543195769629,0.07980491488717215,-8.856790885084436e-06
mm_001_interest_2520.85_two-thousand-five.wav,127.13299997130714,400.0579353280606,183.58252526266728,21.722194801988174,68.53602292265028,57.77367787064291,-0.3104148630562925,0.5928495125067662,-0.34387799970437427,-1.1735080721437467,-1.433705977903963,-0.709640452552745
mm_001_neutral_767.36_two-thousand-one.wav,120.86407827449774,199.6860999586243,172.317208573796,41.143814201109855,79.5713078802483,69.38326766351375,-0.40484367074286703,-0.8740375014281941,-0.482234139663413,1.261967483417922,0.6430802959189822,1.000096672546288
mm_001_neutral_770.86_two-thousand-two.wav,75.27795915156331,201.98661854881215,163.249540986643,25.373742445144984,78.84676395843536,66.5887499397198,-1.0915076751804602,-0.8571958088867221,-0.5935996272426066,-0.715603154839095,0.5067246986340276,0.5885497717202367
mm_001_neutral_774.20_two-thousand-three.wav,132.06111282915631,225.54194826269529,177.8551190871346,47.02560537807927,79.09548798246453,68.84485674504995,-0.2361826675020842,-0.6847513772501888,-0.41421972486928466,1.999545454649051,0.5535333348458311,0.920805228810567
mm_001_neutral_778.16_two-thousand-six.wav,141.30270750008648,535.0658799614083,167.65991407337924,32.397136370757785,76.9054053035703,68.24214901981146,-0.09697646775920205,1.5812189627120228,-0.5394331787607048,0.1651320645774616,0.14137056210897525,0.8320448340154797
mm_001_neutral_781.73_two-thousand-six.wav,129.2531230262655,552.6300476352758,184.71875318436986,35.477266201538704,78.64195511376903,67.48019429731745,-0.27847943589496266,1.7098031493262182,-0.3299233001870719,0.5513810563151165,0.4681806828705094,0.7198322321979268
mm_001_neutral_785.38_two-thousand-nine.wav,126.02482466376436,206.57117238964653,167.96790402076084,48.66271390652747,77.49132160025098,68.82234185538141,-0.3271073148143399,-0.8236330954374675,-0.5356505686980866,2.204839241994994,0.25163712316572434,0.9174894749018928
mm_001_neutral_789.40_two-thousand-ten.wav,126.0472258342882,250.344428282238,192.19196506845512,49.95397865460285,78.22857416960309,70.28907081763856,-0.32676988583920596,-0.5031767772722613,-0.2381402835232368,2.3667641394542813,0.39038442532006995,1.1334937441284385
mm_001_neutral_793.48_two-thousand-ten.wav,125.4669863999015,239.21325379468792,180.08516977322722,53.282308293441325,80.46010891055874,69.78141767822804,-0.33551003615720315,-0.5846661506441537,-0.38683112911453044,2.7841374444120075,0.8103482719613698,1.0587319795348062
mm_001_neutral_798.13_two-thousand-twelve.wav,134.39833317460486,247.4797138134805,173.13074572435409,46.12762868662737,77.52793077307733,68.24337110912214,-0.20097710246307013,-0.5241488487467982,-0.4722425998804537,1.8869389702693726,0.25852678917017297,0.8322248103541723
mm_001_panic_1074.33_August-fourteenth.wav,287.50610957235415,456.9612308737069,418.1856771574892,44.69710938989643,91.42128440147468,80.18036568792988,2.105286314440109,1.00942854484488,2.5374246227471384,1.7075515202658462,2.8731875091869745,2.5901786362530195
mm_001_panic_1077.45_August-fourteenth.wav,271.83715966611067,441.08407695739976,344.4863853233941,34.77333715307878,80.46685232237178,68.22013385531537,1.8692648216050198,0.8931946896469353,1.6322792267057458,0.4631081911568451,0.8116173488493573,0.8288026743245962
mm_001_panic_1080.55_June-thirtieth.wav,254.20696325118573,405.907176118432,357.24112880811674,33.19472690676107,79.92603888221286,71.90566099234222,1.6037010600431565,0.6356707769871498,1.7889279143060888,0.2651501018926803,0.7098389232322024,1.3715679816401247
mm_001_panic_1083.51_June-thirtieth.wav,335.8184636122817,479.94533388948287,410.6942784770091,46.873901222108536,76.18445834279603,70.22190312007585,2.833015612900467,1.1776911261533902,2.4454182430818983,1.9805217184738613,0.005691895174372484,1.123601998754204
mm_001_panic_1086.50_May-twenty-first.wav,226.72837808746638,340.42911822223795,248.03566580228286,27.86616448050739,68.77135613519346,59.7420563165626,1.1897909556555653,0.15631741553034603,0.4477098428378607,-0.4030528563020472,-1.3894174264562875,-0.4197585734100168
mm_001_panic_1088.82_May-twenty-first.wav,296.95369127288603,476.73854160530897,375.09186526117765,32.85764935423283,79.27136822472352,66.92114450123236,2.247595298129725,1.154214763073876,2.0081635611398276,0.2228804990011616,0.5866331301264794,0.6375013136901363
mm_001_panic_1092.41_September-sixth.wav,296.19538080428083,420.39484992728853,345.1373013221296,31.48411129582452,76.53903007229101,66.70204431810224,2.2361728626823205,0.7417324923632367,1.640273518167751,0.05063850943574196,0.07242054819332576,0.6052345649163249
mm_001_panic_1094.20_September-sixth.wav,381.9051582647828,539.2429698966208,444.032606029382,38.39875804968907,81.16219412687451,70.24585348298362,3.5272197897473143,1.6117987044741542,2.8548663252110953,0.9177368084139698,0.9424772514939442,1.1271291539210604
mm_001_panic_1098.53_fifty-seven.wav,362.42128719087935,548.8725371553693,418.33871894671654,31.24418370909153,86.2180439494958,71.73908330116873,3.233734114920009,1.682295075062503,2.539304221145898,0.020551534679171302,1.8939632851101982,1.3470361878477648
mm_001_panic_1100.72_fifty-seven.wav,371.592608092285,531.8832418917372,462.3834304341626,42.85987381228605,81.38082813632326,69.8968946925991,3.3718817804222705,1.557919428394498,3.0802438534096352,1.4771617547614992,0.9836230951725355,1.0757382081861446
mm_001_panic_1103.98_four-hundred-ten.wav,341.4507586882695,449.12654072532234,383.6254250933198,26.668966903343602,84.84664572200724,76.37550703143852,2.91785490971848,0.952072154333809,2.112969349658054,-0.5531817088163705,1.6358728936307854,2.029839449699464
mm_001_panic_1109.79_nine-thousand-five.wav,249.7533263363385,426.26231671689567,313.82981342657445,51.648574850329574,81.6384289756705,75.39804409879095,1.536615898658547,0.7846871861828563,1.2557674011473212,2.579266893546295,1.0321023043037196,1.8858890867519311
mm_001_panic_1112.39_nine-thousand-five.wav,320.4608660603108,505.98820646634766,379.1790210180291,50.67326277242889,87.6892049089657,76.2415327163945,2.6016840225727473,1.368346422184047,2.0583603829023227,2.4569625338553314,2.170828531359021,2.010109134991779
mm_001_panic_1117.54_one-thousand-three.wav,272.4667729778413,496.9471030536952,323.6851541705284,49.5370603294449,81.82360985784733,70.29107593539175,1.8787486909538071,1.3021580920566582,1.3768067772228756,2.314482485246094,1.0669524342058467,1.1337890365826921
mm_001_panic_1121.96_six-thousand-one.wav,185.59221252662925,574.3820547533985,421.4401500259397,38.63188178482356,86.28454534980565,72.52943305165067,0.5701566302365089,1.86904577297023,2.577394764387724,0.946970578609619,1.9064785210904374,1.4634305079159484
mm_001_panic_1124.89_six-thousand-one.wav,355.9015330309376,546.669600193036,413.6878011547895,48.158310233824956,87.41058187153124,71.23795890946248,3.1355270162340867,1.6661677604795626,2.4821834982466013,2.1415869050112892,2.118393048094372,1.2732359078999764
mm_001_panic_1129.83_three-hundred-ten.wav,219.677622882384,526.6095166780124,357.5815709258905,32.299893356597345,82.67571778028542,73.86990740958655,1.0835853848243489,1.5193114123686373,1.7931090890209718,0.15293776815604165,1.2273149480815562,1.6608413394695
mm_001_panic_1132.13_three-hundred-ten.wav,288.60709803866075,511.43704953461065,442.76565293761286,38.751844760922076,83.35214727777684,74.58021468295514,2.1218705107625673,1.4082364452657223,2.8393061111374407,0.9620139635023108,1.354615647700725,1.7654478533234106
mm_001_panic_3362.95_august-fourteenth.wav,202.97629406391343,416.1368809900097,362.2713239590094,19.89120319222768,72.85335727842849,60.69592311376069,0.832013161819511,0.7105606496323619,1.8507067709098897,-1.4031148426384799,-0.6212049175293487,-0.2792831987701347
mm_001_panic_3365.72_june-thirtieth.wav,289.4388307677429,504.3760452948944,397.92414262503166,26.68180478199273,77.42487291927476,62.04065822631303,2.1343989061899817,1.3565440734037668,2.288580512547653,-0.5515718358705215,0.23913180870440245,-0.08124488851331557
mm_001_panic_3368.31_june-thirtieth.wav,278.2857429665581,572.7566573991783,419.8081519598588,39.69163999820727,80.12218018768758,66.05759973900794,1.9663998731783587,1.8571465244206826,2.557351213098426,1.0798645031820702,0.7467517508125296,0.510327609407617
mm_001_panic_3370.85_may-twenty-first.wav,282.81352795597263,479.1898294258179,320.3517823248252,19.190484371236643,76.09527599906926,58.97077089040985,2.034601927485273,1.1721602106698008,1.3358676297175747,-1.490985144531166,-0.011091782640091702,-0.533345302197882
mm_001_panic_3375.37_may-twenty-first.wav,289.1534042060686,598.3074268645287,425.44080060428183,25.055675008471063,79.45161748327699,63.158933786235956,2.1300995240626377,2.044199220003694,2.6265291639462482,-0.7554888848145535,0.6205551527538042,0.0834428631646313
mm_001_panic_3377.95_september-sixth.wav,300.9372389623948,580.1300184845551,494.0768864067866,16.22217233853415,78.68988745882979,60.05963523044424,2.307599502501008,1.9111256058881494,3.4694902768737728,-1.8632121585799235,0.4772013141162652,-0.3729889227247276
mm_001_panic_3383.22_fifty-seven.wav,379.9065941447411,539.9090203191621,470.12394198693846,26.660067891576933,76.65965407350276,61.09161952420206,3.497115405601512,1.6166747426341594,3.175309738313552,-0.5542976469459869,0.0951213910780115,-0.22100923256889346
mm_001_panic_3386.16_four-hundred-ten.wav,331.916465382596,480.54531415634966,414.70109825969337,27.105967020106092,76.7644163540592,64.08249242703329,2.7742397885650196,1.1820834763080985,2.49462841035499,-0.4983817933056808,0.1148371362635655,0.21945477431302102
mm_001_panic_3395.30_one-thousand-three.wav,387.8222288639618,587.9618582333411,486.659470960968,19.71568209730149,82.93459243542158,63.722061343959275,3.6163486620958287,1.9684611291243967,3.3783925298774706,-1.4251252284561267,1.2760338830699314,0.16637431111270096
mm_001_panic_3401.23_six-thousand-one.wav,464.636333056607,583.3560538938166,515.1091245388284,21.78078586790066,82.06949907541444,62.24999757527773,4.773400005728894,1.9347428445066157,3.7277998622157673,-1.1661607389542898,1.113227573804561,-0.05041561176412297
mm_001_pride_2964.71_february.wav,119.3520217827347,485.2784653665944,208.9698135161284,38.18109872280042,87.89043295788059,74.14892563795962,-0.42761978736665557,1.2167340449995383,-0.03208142054151549,0.8904422785818544,2.208698658999619,1.701932181793813
mm_001_pride_2967.98_may-twenty-fourth.wav,138.82035549115614,596.9889028494563,179.56896609360325,29.196636521665486,75.5193004067656,60.72242060075234,-0.13436815197516022,2.0345465372715874,-0.393170937441089,-0.23621135524033238,-0.11948755209683742,-0.2753809302111478
mm_001_pride_2971.43_may-twenty-fourth.wav,133.2722275180406,595.7972450665919,167.78332731442777,27.091117754700583,73.05696705626984,55.62490663009175,-0.217939639183315,2.02582261994301,-0.5379174664089894,-0.5002438946150495,-0.5828865602361905,-1.0260886672494813
mm_001_pride_2974.71_september-tenth.wav,138.00851738925707,536.8431500070467,168.3167732515681,31.123855535157443,67.6311359231391,49.93941696537553,-0.1465968745058433,1.5942300445609052,-0.5313658955319381,0.005462353893603257,-1.6040012541171735,-1.8633872219410017
mm_001_pride_2978.84_eight-thousand-five.wav,162.6740126617189,301.95597559143414,248.46953336884548,25.4187735163597,74.31298096723255,60.93172420356642,0.2249396388251235,-0.12533770434386185,0.45303843176446623,-0.7099562481146662,-0.34651092879207096,-0.24455691777550126
mm_001_pride_2982.33_eight-thousand-five.wav,144.83999625825095,201.7180482158256,165.70846177193397,33.17831030300748,76.1316655765916,60.67197806574194,-0.04369426453012095,-0.8591619651234995,-0.5634001399388909,0.263091455992688,-0.004243443390221829,-0.2828095712165652
mm_001_pride_2985.31_five-thousand-one.wav,141.57245742482698,243.9381748371366,181.06969835653882,39.962815718344494,82.33792694036303,68.49137161497353,-0.09291322291443833,-0.5500758335656228,-0.3747395405486362,1.1138700010802476,1.163744375824522,0.8687476918222019
mm_001_pride_2987.54_five-thousand-one.wav,132.50924388962352,194.2874389545961,163.42464851995834,27.93874656673328,70.0112086173076,59.49618887090909,-0.22943246646690846,-0.9135601504314583,-0.5914490261493244,-0.39395104593587266,-1.1560832963170304,-0.45596732041890975
mm_001_pride_2991.06_fourteen-hundred.wav,189.30843229620655,427.60825293934107,215.59125899763907,35.41100314216149,81.04175061002124,67.63872715224751,0.6261340724369853,0.7945405488705296,0.049240539867821724,0.5430716533743281,0.9198103748765342,0.7431792679207828
mm_001_pride_2994.19_fourteen-hundred.wav,183.18362100068646,258.72004857372156,210.2921296525061,33.16208389383638,77.61469319040944,66.70571879852464,0.5338760006484056,-0.4418603321911706,-0.015841259568899268,0.26105666053724136,0.27485504875670613,0.6057757033807943
mm_001_pride_2996.92_one-hundred-one.wav,147.01981299220301,275.7877562009345,214.4867603971436,29.083863043415395,81.47466471661511,70.79235690717913,-0.010859671099627361,-0.31691064238154043,0.03567552725653174,-0.2503531754433471,1.0012826773837245,1.2076123759824102
mm_001_pride_3000.17_one-hundred-one.wav,119.25452119964102,282.1503404373946,201.35278552087203,27.69959335608028,84.73574328830365,65.04586354031365,-0.4290884392745216,-0.2703312806946919,-0.12563072949478177,-0.42394091375327075,1.6150016018667621,0.36132984371770127
mm_001_pride_3002.78_six-hundred-five.wav,92.17294654271429,543.5090887744927,173.52288767348637,33.715635447895885,69.70255494436408,55.130975224961965,-0.8370183718544877,1.6430302114886757,-0.467426468395082,0.3304721531874609,-1.2141703972661357,-1.0988296405025852
mm_001_pride_3005.51_six-hundred-five.wav,118.08846075690077,232.87323721394088,147.93645346273442,26.178480506176623,73.37218467642035,50.14642260516744,-0.4466528151949421,-0.6310802984872529,-0.7816688790156952,-0.6146888162355238,-0.5235641567539883,-1.8329016291016715
mm_001_pride_3010.07_ten-thousand-ten.wav,118.27516535307177,285.87879077126513,181.17870683562543,33.3178438483428,76.77888518617986,61.116820163827235,-0.443840482666526,-0.24303595065605532,-0.3734007417553339,0.28058899478496774,0.11756009920126173,-0.2172979499213478
mm_001_pride_3013.92_ten-thousand-ten.wav,146.14120183384492,288.5163814539933,210.55044172463226,31.060572803499767,72.37537190309119,63.30958867416964,-0.02409419660759492,-0.22372661252758924,-0.01266877341593546,-0.002473315263233794,-0.7111594108118381,0.10562971554903047
mm_001_pride_3019.00_ten-thousand-ten.wav,113.06318422607909,280.5502523432569,206.71274258941503,25.50606503356865,75.19036419986426,64.02388747518384,-0.5223485877777025,-0.28204524459643,-0.059801868147069726,-0.6990098717079747,-0.181391726033526,0.21082405921633696
mm_001_pride_3023.94_two-hundred-eight.wav,136.84004060833905,349.0967355929454,188.59249288919003,26.261934772813266,75.9837580431039,58.047286093331955,-0.16419764774371795,0.21977151994280286,-0.2823475695114805,-0.6042236319363165,-0.03207891266197467,-0.6693463384272759
mm_001_pride_3027.83_march-twenty-fifth.wav,155.99658257017657,238.89133917485358,171.42704600444696,31.226001369992414,73.59767154041256,62.50740214557827,0.1243574665712071,-0.5870228310356874,-0.49316676237013357,0.018271465159281863,-0.481128639604611,-0.012507799527445778
mm_001_sadness_2016.94_august-second.wav,83.59807827654363,190.72399908272686,157.5049847160039,31.020045187511762,80.07674337005723,60.35294136623178,-0.9661816674904896,-0.9396474678598057,-0.6641519830559393,-0.007555487662742313,0.7382007655372532,-0.3297939090918396
mm_001_sadness_2020.81_august-second.wav,145.98631974804687,200.51924634864392,165.66602538025273,38.23430695596025,74.52436954308548,59.923014762032615,-0.026427186458363557,-0.8679381830385949,-0.5639213268268375,0.8971146033016587,-0.3067286400282369,-0.3931089348060519
mm_001_sadness_2029.27_june-twenty-eighth.wav,138.39493430990152,164.83769229631324,151.46838772528358,24.386608308388354,69.79621484083488,54.866667554233004,-0.14077627395424536,-1.1291565732373905,-0.7382910668643408,-0.8393900034393701,-1.1965440660797986,-1.1377540680797984
mm_001_sadness_2034.36_may-twenty-ninth.wav,143.45440385732462,215.66758509543564,172.9546849015826,27.229254275951185,70.98370302072408,60.79697295943182,-0.06456545174332906,-0.7570398556894108,-0.47440490889576437,-0.4829215429654554,-0.9730646396946301,-0.26440165035095214
mm_001_sadness_2043.90_september-third.wav,101.86408487038048,193.1490105798198,162.65729541881385,23.425229711999968,75.87833587523768,58.68523408248925,-0.6910406931297814,-0.9218943846125022,-0.6008733518023113,-0.9599471013325556,-0.05191884538890313,-0.5753961317098695
mm_001_sadness_2053.83_five-hundred-five.wav,83.514019526056,195.78339609683383,96.61738511610456,27.62632958195488,70.88408656063932,61.641972450244886,-0.9674478449876834,-0.902608510939282,-1.4119492696014309,-0.4331282079393913,-0.991811966813575,-0.1399590967458239
mm_001_sadness_2057.47_five-hundred-five.wav,76.25718606471581,164.71987808321472,143.67873039012616,24.17949561157216,67.1947656694624,57.07901258663516,-1.0767575739133384,-1.130019070398893,-0.8339605407248201,-0.8653619834260187,-1.6861239864818176,-0.811943380285373
mm_001_sadness_2063.08_four-hundred-twelve.wav,87.43559655655619,207.04803821582703,172.79313960806454,26.5830831996448,72.51730322267079,63.250540518693974,-0.9083771050501179,-0.8201420444795132,-0.47638894395283365,-0.563951545083937,-0.68444863556126,0.09693373012779197
mm_001_sadness_2067.73_four-hundred-twelve.wav,81.21430785609216,180.54226378741888,161.953141070583,30.56698109924881,74.72878485503722,59.986843923859006,-1.0020884166075381,-1.014186163662403,-0.6095214955027751,-0.06436982890748708,-0.2682586851832284,-0.3837088535296619
mm_001_sadness_2084.05_one-thousand-two.wav,173.90823447512605,276.98158051901004,194.83528409583275,31.907854607995418,73.17515822437066,59.159568377827966,0.39416079398271,-0.3081708642292069,-0.20567609033552692,0.10377601859070117,-0.5606435645598636,-0.5055412127233007
mm_001_sadness_2093.41_six-thousand-ten.wav,111.74741746615575,404.895854458272,199.64976466387463,25.941800757107433,72.10980261973243,60.56344384365934,-0.5421679909130813,0.6282670687391088,-0.14654655446015186,-0.6443685113993859,-0.7611382418567696,-0.29879333913163053
mm_001_sadness_2097.49_six-thousand-ten.wav,147.68099333531558,217.4272299602416,165.6073652129336,32.34950952013154,75.74342592470258,65.7036940150434,-0.0009003073548710899,-0.7441578046937602,-0.5646417676758414,0.15915964651566752,-0.07730823356963391,0.4582081318168756
mm_001_sadness_2102.27_three-hundred-twelve.wav,76.49127619642721,164.7729094845859,157.91740811617316,36.28708488893038,77.33338200036515,61.05917924287448,-1.0732314727594587,-1.1296308368237564,-0.6590867628537791,0.65293250663695,0.22191366841160376,-0.22578669278273164
mm_001_sadness_2105.60_three-hundred-twelve.wav,81.6090650704756,199.79983162535217,151.6246844591506,32.032736950181715,68.4155340358404,57.27753952889227,-0.9961421861579102,-0.8732048918716231,-0.7363714925298342,0.11943629312629256,-1.4563813929237335,-0.7827064400002125
mm_001_sadness_2112.28_two-thousand-four.wav,126.81065061462631,162.03947947583353,135.8806395667219,25.894706545286716,74.11213002295695,56.53202476596362,-0.31527041348139945,-1.149641797825068,-0.9297335913344001,-0.6502741364320228,-0.3843100871970151,-0.8924979391168513
mm_001_sadness_2117.10_two-thousand-four.wav,79.9882434757602,182.68555257028882,146.80326929415438,23.98273806886637,68.70357687303189,53.405334701359976,-1.0205566322243722,-0.9984955229248578,-0.7955861963674842,-0.8900354246970387,-1.4021731497428047,-1.3529636556070135
mm_001_sadness_2122.62_two-thousand-four.wav,136.68837234272826,182.20500558818568,148.2711938251741,24.96167453051153,70.38447065309893,57.678899369834326,-0.16648222780041372,-1.0020135229787728,-0.7775577309925423,-0.7672765664479352,-1.0858372197137336,-0.7235984238837544
mm_001_shame_2808.47_july-eighteenth.wav,82.14010480078849,260.9814877263196,186.8253067213197,30.109179680558388,74.20860724239688,60.41890028390489,-0.9881431312976192,-0.42530473334847946,-0.30405144730988115,-0.12177823248131059,-0.36615354970484065,-0.32008017998606936
mm_001_shame_2819.95_march-twenty-fourth.wav,81.09577591749405,169.3582904395854,144.82731549121618,32.53650311791109,81.56391594847791,66.89207851180117,-1.0038738639581237,-1.0960620682169713,-0.8198540752440703,0.1826086868392162,1.018079319606075,0.6332207833617731
mm_001_shame_2825.13_march-twenty-fourth.wav,139.66314465901777,193.2657559655103,154.56279975084666,36.673890521017974,82.46977421737836,66.00555671436558,-0.1216732133395669,-0.9210397121487276,-0.700286728848466,0.7014380221834815,1.1885573839342791,0.5026632652816837
mm_001_shame_2830.32_october-fourth.wav,74.79508953169714,164.52923171789354,138.37839115950774,33.539766734931604,76.96765300448502,61.30842546481957,-1.0987811433584465,-1.1314147589547618,-0.8990571994939667,0.30841817598760046,0.15308527281499087,-0.18908035547425206
mm_001_shame_2835.72_eight-thousand-nine.wav,76.01075059980532,166.80279034191224,136.1674292252594,33.139982326341574,76.77368710476048,67.9418921547866,-1.0804696329002974,-1.1147704355904333,-0.9262113547891445,0.25828511887189315,0.11658184588170888,0.7878261907767582
mm_001_shame_2839.96_eight-thousand-nine.wav,75.85467555996537,185.6234568758585,141.41138358442447,32.82229789026052,81.06517953663176,67.25202844514638,-1.082820592225443,-0.9769876415098976,-0.8618071925899417,0.21844741725918493,0.9242195834635434,0.6862303879384254
mm_001_shame_2844.58_five-thousand-ten.wav,122.40023701601056,569.1879088394778,139.61432675964778,41.38338446343218,76.48673390010515,66.96756454959332,-0.3817045017766647,1.8310203430211274,-0.8838779299185041,1.2920096496109175,0.06257866617701217,0.644337565568765
mm_001_shame_2849.46_five-thousand-ten.wav,125.59369655069452,158.2629366507216,138.75279806510179,35.191059209811705,76.70511936574535,62.925769501665236,-0.33360140034392444,-1.1772892045452388,-0.8944588827610537,0.5154906334900522,0.10367773513505665,0.049104902849916685
mm_001_shame_2855.45_nine-hundred-eight.wav,78.30250163916064,214.35453093387653,168.42268086674602,35.51472218944293,78.0739903974772,64.12779266707263,-1.045948972310306,-0.766652494584658,-0.5300651803161147,0.5560780458439235,0.36129252082096774,0.22612611271110258
mm_001_shame_2859.97_nine-hundred-eight.wav,135.5569915535011,187.3310501574657,158.50200928386067,33.242158018833194,78.54563335947809,65.8071173956959,-0.18352422387776002,-0.9644866510126359,-0.6519069237768454,0.27109797429460736,0.4500534031536191,0.4734392292681752
mm_001_shame_2866.66_one-hundred-ten.wav,121.09338306139843,597.5183956220321,144.81372834284997,34.78437887897524,75.56621379694941,64.94292279811253,-0.4013896512685329,2.0384228608608375,-0.8200209471974221,0.4644928261329203,-0.1106586831399764,0.3461698241333254
mm_001_shame_2869.98_hundred-ten.wav,76.26742251871137,543.9404422367002,148.3049543775634,35.3731261638112,73.17410676190289,53.612305974008855,-1.0766033821412142,1.64618807442366,-0.7771430973128621,0.538321871546411,-0.560841444617234,-1.3224831239956312
mm_001_shame_2878.13_six-hundred-nine.wav,76.98689507625359,279.3030832684725,146.03196755392753,34.21494725367291,75.52452158032905,62.97446773903582,-1.065765962397002,-0.2911755503432902,-0.805059017635518,0.3930859688834012,-0.1185049529495117,0.056276662218237045
mm_001_shame_2883.75_six-hundred-nine.wav,132.7955624230016,170.15953588677053,148.55866907959958,38.251880059777434,78.4285322868978,66.01830813079667,-0.22511964856407501,-1.0901962910268619,-0.7740270742312153,0.8993182745765699,0.4280155580849032,0.5045411585112287
mm_001_shame_2889.69_ten-thousand-twelve.wav,82.24242022390752,222.39593021390857,169.15885639388313,33.525058806521,78.59653262156161,61.94562264123371,-0.9866019534236008,-0.7077828228266669,-0.5210237652294336,0.3065737983700167,0.4596323935692664,-0.09524072048624133
mm_001_shame_2895.38_ten-thousand-twelve.wav,77.01617690318541,572.7813030921137,150.61541440796574,34.72922544496791,82.19183735316356,64.1402012510746,-1.0653248900503074,1.8573269512099555,-0.7487669459657897,0.45757657277784675,1.1362510350897708,0.22795351722035698
mm_001_shame_2901.30_two-hundred-four.wav,76.4916883708878,224.8982570325292,168.64850976150728,38.458374379299286,79.61204301375227,67.11442910338103,-1.0732252641729179,-0.6894637276899277,-0.5272916396307249,0.9252127099077737,0.650746447400204,0.665966217782312
